id,fb_minutes_base
22303,40
11355,25
1398,50
21204,90
15251,10
2536,120
14221,120
2736,120
15642,90
2885,120
17138,120
19642,60
2094,40
14276,240
17783,30
1862,300
2036,150
1405,60
10635,80
156,30
10434,30
16694,100
797,90
1977,180
17873,30
11221,60
15089,45
22103,120
22865,30
21333,20
11485,60
18162,120
1777,60
18911,120
234,45
9821,20
18402,30
12244,60
10057,60
10512,90
1438,500
588,60
2132,90
699,120
2585,120
20623,120
1871,40
12968,30
14036,25
2740,90
19269,30
15914,270
10799,30
20874,190
21136,120
12576,20
2165,60
2947,65
24253,150
41,30
1299,22
417,150
2826,300
233,45
2516,60
24291,90
14738,120
15220,120
20836,60
16527,60
863,60
20824,120
2545,70
1142,10
2448,45
17496,72
19979,60
527,90
18435,30
1122,90
22137,30
2531,90
15757,180
23957,60
2760,90
1188,69
2880,100
22526,300
13444,30
1519,60
16741,45
878,30
18407,45
10246,90
2663,25
10982,60
17169,600
15261,45
2844,240
2672,60
16756,65
2771,60
460,45
1638,30
1033,400
19464,150
2944,60
2445,120
10726,40
1465,30
24009,30
559,500
17351,960
17860,30
242,300
2665,120
22613,60
16037,160
16439,45
2148,35
1275,120
12219,60
20431,1440
16603,75
12174,100
22029,30
1058,120
1768,240
15545,60
13276,45
1311,120
23040,180
1741,120
18243,120
2286,120
14743,30
19944,120
876,120
2899,240
2992,60
20366,60
450,60
22883,80
13820,150
17582,120
21531,180
2888,90
13514,60
16002,90
18010,240
12823,180
24277,90
21795,60
1394,120
1286,60
14774,30
2660,60
944,180
1820,120
19462,45
976,50
1632,140
2997,60
18738,120
21944,120
3074,150
19794,120
17855,30
18649,45
2718,120
2952,60
106,30
18262,20
196,600
9609,100
1982,30
15287,30
12429,180
468,120
2232,75
20229,45
14532,200
19713,45
19820,60
10229,90
979,65
9965,200
2104,5
2467,60
13112,20
14974,100
1763,30
3081,130
1856,45
18423,60
20564,120
17949,150
22552,30
2490,60
15307,60
12375,120
23004,90
1598,20
16105,60
17284,300
2546,120
22445,60
13451,35
1274,90
1531,400
10853,45
10871,300
2188,120
9989,180
21474,60
24124,10
21678,60
24072,25
1013,45
19784,45
10169,60
2168,90
2791,30
824,10
16157,30
17255,30
21491,90
384,60
17007,45
2421,70
2996,180
23301,40
24,90
13360,3
615,120
13347,20
1866,200
19110,30
13538,60
2843,30
15784,60
21687,180
20049,240
2440,60
22056,120
13838,450
16021,120
20211,60
1430,60
14452,30
1510,480
1822,240
2323,120
1508,45
378,300
2931,240
3039,90
1245,60
12029,60
20269,70
2597,100
2505,360
24188,600
14450,60
20518,600
1963,30
17511,200
10940,120
1022,60
17326,45
14039,100
11923,25
2890,60
18459,200
2424,300
10926,900
1104,120
599,60
2679,55
15087,30
16526,75
18782,240
10697,120
1892,60
1930,40
2370,45
2035,120
340,90
17723,60
2816,30
1169,30
167,240
1794,60
23565,30
11817,200
16615,75
11302,60
20164,50
20175,50
23464,60
1139,20
12367,45
12573,60
3055,70
19932,150
1581,120
14782,222
11724,100
15761,120
23993,60
19027,45
9910,120
815,120
18559,60
600,60
19351,180
20351,45
2381,60
1919,875
1484,300
15047,60
2288,10
947,120
19304,120
2312,60
21393,60
13162,720
609,120
14613,320
1342,120
2242,70
415,120
10742,120
24207,60
17153,90
1482,60
959,90
15664,20
2141,45
2936,300
1637,120
2447,40
11474,90
16596,180
2146,180
15131,120
19813,60
17747,60
9791,45
689,35
19536,70
608,120
518,60
13147,150
13383,30
19862,120
2675,30
17701,20
633,120
20991,60
17158,30
253,20
264,100
1975,60
22563,45
1199,75
12755,600
72,120
1686,120
436,60
1935,35
13934,90
15575,240
2055,180
1554,45
19446,45
16695,200
461,150
23117,180
889,240
404,70
10315,120
2784,120
23341,60
2648,60
2334,180
21243,320
3094,45
16471,75
20902,60
21292,240
14165,180
16302,120
24123,1440
22567,90
336,45
421,120
12636,120
558,160
24302,40
10889,60
16826,180
17919,25
20425,100
17318,80
48,45
247,60
15314,8
23415,60
312,75
3021,15
1481,60
832,200
19571,20
16531,75
23355,180
152,35
18025,45
11436,200
19068,180
23945,40
277,30
495,120
2980,30
17421,120
1683,60
12359,60
10851,20
12173,60
21616,120
13586,120
1507,200
731,180
12152,45
22620,45
1343,60
21191,120
1858,45
2830,15
16297,120
21073,60
735,240
23202,90
12326,120
171,20
14170,30
23906,60
20830,240
16780,300
1324,100
21228,45
446,5
14021,120
2378,60
15845,120
20305,120
2763,240
22099,90
18549,90
16923,60
23926,45
16843,60
12761,30
2768,120
1850,45
21834,360
1266,300
12585,90
22825,60
1020,30
593,60
1321,60
22477,120
517,60
14159,120
19696,20
937,80
21859,90
2797,75
1130,90
12398,60
16227,60
24132,120
18592,90
12242,400
16922,75
739,60
18193,60
99,30
2820,270
10359,50
1823,90
12296,60
3080,80
598,30
17260,120
12942,30
18522,120
18957,120
2087,35
134,48000
19168,60
13289,45
19988,90
3117,180
19854,180
20763,120
22730,80
22456,70
23246,240
2995,240
17448,120
2559,60
18378,180
13555,120
3003,90
23573,30
437,30
23711,200
10218,120
654,120
653,60
16301,120
1719,75
2898,90
10559,120
23469,120
16901,90
9983,75
694,120
23682,150
12071,300
1313,120
14850,120
9715,20
22117,90
2365,120
17791,40
13575,60
10866,60
1409,30
12484,60
12122,60
2173,150
10632,90
2804,45
22830,60
1628,45
15189,120
2807,125
473,120
960,260
281,15
1375,30
926,20
1771,60
228,100
2388,65
22227,60
10139,20
16678,60
19505,70
14344,30
2606,90
21,120
15855,60
66,60
15804,250
1740,500
14487,240
726,30
574,120
670,60
73,90
2598,60
23805,30
16988,120
2030,120
22337,60
802,60
16086,200
996,60
19060,30
19085,360
24029,129
2443,120
9651,70
201,120
23913,60
17279,120
898,30
246,240
349,180
1992,120
10749,30
2458,60
22021,180
11408,1000
10573,30
1602,90
536,45
14599,300
1386,60
2187,45
2054,60
10662,120
19429,120
331,60
15423,120
18961,65
22513,100
1240,30
22071,200
116,45
15734,30
122,60
15174,120
18556,50
17806,120
877,120
2161,90
2595,180
20386,260
20818,200
12331,60
13984,70
117,120
15577,120
21332,60
15678,120
11272,120
18202,60
17665,60
14357,60
15978,60
10669,120
1773,120
930,180
1909,35
13485,240
13976,120
18305,300
21779,180
2654,120
18580,60
1828,300
2627,240
1703,120
17057,75
21184,100
1762,20
20135,150
18893,180
570,60
9919,30
20501,60
10883,10
1515,90
17645,60
16360,30
18610,60
21702,90
13056,45
157,30
2268,400
92,240
3063,240
916,20
11590,30
10494,90
1338,120
1145,30
968,240
2891,20
20575,80
14645,150
2273,180
13406,240
18176,90
715,30
20399,20
696,40
3078,90
1847,60
33,240
2588,45
10534,100
15097,30
15346,80
13241,120
2533,60
20682,180
21872,25
1077,60
19990,60
847,90
15016,35
17136,100
15005,60
828,45
954,360
2727,60
19599,150
2865,200
23148,70
1174,100
9588,120
19796,30
21682,60
60,60
15264,180
3112,15
13314,60
17780,30
16558,45
15377,20
11388,75
17316,120
15441,60
787,30
68,90
224,90
24208,30
1772,210
11753,45
17436,120
2769,60
502,60
2818,120
21955,45
45,75
2872,90
17008,800
20296,90
1577,180
1501,120
24174,60
22536,90
16054,30
19316,30
23691,60
1689,30
278,90
2330,45
687,60
17626,360
23713,120
2877,90
576,45
1472,60
2620,300
11710,30
12064,20
12180,120
248,60
2703,90
15519,140
20581,28
19569,240
130,180
18574,240
17103,20
14308,120
16959,60
19104,90
22453,20
399,125
17365,40
2011,30
903,45
19339,120
1078,300
1202,60
769,180
13290,30
11907,90
17682,90
3005,120
1901,120
21322,250
357,120
22720,60
14965,200
12804,20
14353,360
31,180
2722,90
11329,35
22605,80
21764,120
18746,75
1457,60
1793,30
1904,80
1160,300
20548,540
222,60
9652,70
19851,120
59,0
13654,120
12182,120
1011,60
2362,20
12041,150
2852,480
2878,200
21076,60
16800,400
21621,30
2738,45
2477,120
17903,180
17309,120
10600,20
1761,240
2670,60
2893,120
1752,350
2560,30
821,30
1262,45
16613,20
554,45
596,120
11544,100
2454,75
1097,90
11785,70
2364,45
1098,75
1565,45
14427,30
1655,90
1690,45
15329,200
2583,60
2037,100
13948,30
20308,150
1314,60
12692,120
20665,90
1600,300
1933,30
2462,60
2735,60
819,200
14032,240
1340,90
2629,120
2712,180
1014,75
9824,35
16660,240
3030,60
1312,1200
2985,60
3059,120
1526,30
2539,90
21091,60
22559,60
11071,30
2149,200
19338,120
2070,60
2856,60
21563,90
23115,200
456,360
17297,60
1876,60
843,20
23238,120
1926,160
1178,60
23144,120
672,60
2403,300
2126,180
23769,120
35,120
2831,30
651,75
1819,60
3043,150
23665,60
23169,90
2156,70
714,30
14254,90
21571,60
21231,30
15465,60
935,40
18858,360
990,120
317,400
9654,120
1248,60
24086,60
2839,300
3048,60
1566,60
19155,150
19597,120
354,75
81,120
573,40
23454,0
12089,180
2532,120
12066,120
13917,120
3125,120
1390,60
2640,120
23818,90
23427,120
19834,80
1972,200
2911,1200
13222,60
18619,45
1458,180
22343,1399
21314,190
19885,15
1198,40
1451,30
2887,240
21532,20
2851,90
382,300
674,180
625,60
11607,180
11918,90
1297,45
23783,30
21465,180
3106,60
14402,1000
17794,60
902,120
13315,220
11172,60
16402,120
1259,120
2772,30
12639,120
13721,90
1889,20
1743,120
2855,50
20199,240
1758,60
1706,90
21092,300
13622,90
2254,70
11274,240
2762,200
16368,90
58,30
850,45
20693,60
250,120
838,90
18857,80
16202,120
202,180
16650,45
14860,45
17458,85
1278,50
2249,90
1294,50
18545,120
3079,90
24051,120
2034,20
1715,120
2973,120
11108,180
23244,45
263,180
262,180
22485,20
307,45
1620,30
18482,60
21130,240
16003,60
477,65
14991,180
10024,60
12452,60
12607,10
19209,10
15515,75
12698,120
195,120
2859,120
2635,60
12544,30
10304,120
1667,35
16973,30
1056,80
668,30
13962,400
9861,60
14664,75
16927,120
1385,45
12550,120
2752,60
17211,90
1247,90
971,300
925,30
2170,200
292,180
12119,60
120,75
2568,240
39,30
13200,80
22222,45
17724,70
19699,120
11379,60
21643,200
19685,120
17035,90
14456,60
3075,60
2728,60
19434,30
16140,45
1786,120
544,75
922,500
2464,90
271,45
3103,45
627,240
2115,100
1432,300
1993,240
940,60
17962,1440
18628,180
20975,45
2107,60
1399,60
19020,300
12146,60
13975,90
22018,120
23977,60
1006,120
13827,180
1579,120
14639,45
1807,60
1429,180
13670,60
50,120
9566,45
18728,45
2382,45
1783,200
2730,20
17248,560
14156,45
19904,120
23261,120
754,120
762,120
98,360
3004,45
18527,30
11507,60
12771,30
19032,90
80,75
825,30
21372,180
19774,80
3013,75
22386,15
2459,180
827,100
1535,70
953,45
11413,80
15078,180
16838,25
1647,120
23236,90
2780,60
9705,40
3066,240
1561,60
1335,130
2905,60
12088,100
20744,900
22624,120
13065,60
801,120
174,30
2785,60
10332,90
2776,45
2309,45
963,90
23969,200
2423,30
23216,30
2150,120
13769,200
2004,60
9827,20
15564,120
12477,150
12068,240
1999,120
16359,300
18516,120
23535,180
13287,60
1859,30
1696,60
1981,60
2625,160
16934,25
1474,20
1323,120
992,60
351,120
2808,30
16232,45
14235,90
16393,75
1449,180
24045,60
11471,30
23275,30
1164,25
20512,250
1269,10
11764,30
23304,45
10492,90
1622,180
1662,120
1094,120
2577,60
14778,90
1175,120
2359,180
1882,300
1852,90
2694,180
2214,20
14017,90
193,60
807,420
17834,60
16320,120
11554,60
9848,120
14656,360
23567,400
12655,20
1673,75
23866,240
3071,240
1583,40
1444,120
871,110
370,300
22927,20
15667,45
20019,240
2210,180
20136,60
22654,240
11896,50
753,600
19244,356
14746,180
14657,240
21120,120
2196,60
16740,60
635,300
1082,50
17062,360
12140,90
19775,20
11614,10
440,300
20864,180
859,60
1309,80
2935,200
18371,240
15938,30
2397,60
2610,30
15783,180
962,180
19262,110
1770,90
2461,60
2775,30
17911,40
20104,10
19939,30
10110,30
18835,120
20440,60
1330,30
638,90
21704,300
13298,180
545,50
2658,240
413,80
12482,180
2984,45
10506,300
386,300
13789,50
21433,60
18349,90
2274,10
2418,90
2290,75
19878,45
15213,60
11246,90
14773,60
1250,60
932,60
21573,60
11385,30
10564,90
1296,120
2961,30
1557,30
15443,300
10646,30
15336,60
16126,120
23425,65
19191,20
2476,180
18156,60
22818,90
842,150
2167,120
15929,240
13427,30
11016,60
2512,60
3126,80
13121,45
18430,70
17482,120
10783,600
49,180
186,10
16371,90
18934,30
14365,30
17295,55
20217,180
13726,60
18155,120
2571,60
1100,30
23332,90
96,60
17601,60
10920,360
12561,180
2140,75
1498,110
860,100
1714,90
1353,30
23035,100
853,90
2218,30
34,90
2515,90
2012,40
1511,240
18183,500
21000,10
16970,150
2537,40
1616,80
15576,240
1265,120
17732,40
10803,75
1073,120
19498,30
11005,30
24063,45
1800,25
20703,600
10112,30
14044,30
24046,120
16119,60
993,45
14500,300
1766,100
17745,120
12273,30
472,60
14628,90
13106,60
488,180
2471,60
20729,180
1759,175
1151,30
11735,120
447,300
1799,35
2008,500
17770,240
845,60
22947,120
15273,120
1708,90
17910,90
19183,60
572,0
1092,120
788,120
364,120
308,200
11642,60
16817,30
814,60
728,560
1812,45
3110,70
22286,180
15781,300
265,30
21022,180
21456,196
161,40
869,90
1116,45
10463,90
13729,60
20869,240
2262,200
2817,60
1626,60
21070,120
89,600
12898,45
218,60
23116,240
2562,60
15926,120
14196,45
682,120
205,300
1939,120
667,360
2921,80
17586,70
12118,60
20189,240
22642,180
852,30
1332,90
2715,35
20554,500
1527,240
1841,480
11387,70
22276,90
12695,60
10685,90
2925,280
2186,120
24238,45
530,180
15155,120
2114,300
21194,120
17735,45
18171,250
17544,80
10172,60
475,30
2349,800
2460,60
1697,360
348,75
18526,180
1388,90
1918,450
21665,30
11924,240
1280,120
138,180
11695,240
251,60
19683,185
2666,40
16450,90
20066,90
2989,500
13907,60
2109,90
1074,40
394,45
24057,200
2687,100
14066,35
11053,45
21926,60
1063,120
471,120
121,500
21746,120
13258,25
1555,60
888,60
2400,30
18560,100
19949,10
10681,60
1167,40
19407,20
2197,90
757,90
1168,250
2676,480
1553,90
11484,60
2510,80
3068,30
3072,90
2069,30
1623,175
1227,45
2723,60
10364,90
1219,240
14331,60
21067,45
2194,200
324,200
21568,120
2067,180
631,250
272,60
3104,60
299,120
10009,90
1030,120
12275,120
1141,45
21928,60
51,300
23460,600
22090,180
21242,360
998,90
282,60
2328,40
10983,90
2166,60
2258,20
1163,300
11309,30
13563,60
20024,25
10254,360
14579,60
23306,30
20522,90
12685,60
15292,40
17433,90
19495,15
13081,300
20279,480
17011,60
18164,180
2977,1000
13191,35
19263,60
22585,180
2305,180
11166,30
1649,130
22277,45
21567,60
2563,120
14557,120
1061,150
2084,30
10101,20
21132,60
14874,30
16541,60
21064,120
15507,120
883,75
1072,60
3064,120
22426,60
11393,360
1736,160
17228,45
3088,70
12917,35
1060,60
9703,45
2572,120
115,45
14740,45
22881,60
2528,120
1079,480
3093,120
736,180
20073,120
21046,90
2042,30
2088,10
1613,90
19670,60
11950,60
20439,120
2988,120
1071,60
695,60
607,90
20448,200
451,480
21298,60
14747,128
18433,120
3100,120
23872,60
482,90
3120,90
17573,400
22067,250
1356,60
2105,200
18130,50
23121,180
19714,30
2869,90
11781,60
1091,120
2074,80
1292,400
24220,160
22362,300
621,90
12669,70
3026,180
3006,300
920,300
10272,120
610,240
904,1.5
1716,120
14419,120
13656,60
17487,30
2470,60
22324,180
20542,120
71,60
18971,150
19102,60
14678,300
23153,150
19627,60
2600,120
1351,20
14751,120
2009,180
21727,90
21604,180
10124,480
407,120
13566,60
13489,200
374,120
9779,30
383,60
16542,35
18390,35
2554,30
958,120
14012,120
2842,240
478,30
15163,120
13516,120
170,90
14297,30
9870,240
15833,20
12760,45
20888,45
297,40
586,85
2602,180
24031,30
15921,180
16181,120
13890,60
614,30
2348,90
20749,180
19965,120
19301,50
467,500
1985,100
9820,150
2311,35
16178,35
2122,100
13457,90
17283,75
1872,60
16446,180
2453,120
485,60
2080,90
1888,60
12121,60
9862,30
20848,45
2599,240
17083,120
14583,40
1742,50
1255,90
13663,10
1607,120
18786,45
16169,300
20274,60
10595,120
2375,30
1606,60
11430,300
16478,90
11330,60
22000,1000
21196,45
12548,30
1103,120
21850,60
997,120
15645,600
11885,30
1971,90
11428,90
2002,40
17252,75
23937,240
1361,320
652,360
15697,40
19927,180
23253,100
3070,20
22655,90
20420,60
23512,180
12846,45
21048,150
13525,30
693,80
12514,840
2159,70
2404,45
12374,25
20713,60
22331,45
20760,60
3115,500
16483,60
12907,180
855,30
21836,120
975,120
1276,20
2840,120
2524,20
12072,120
1126,120
18675,45
2552,60
14517,180
23718,120
20880,90
16057,125
18225,60
684,360
12153,300
2101,120
2045,90
908,180
1880,120
19172,600
23032,180
525,180
459,60
685,60
2983,600
6,119
12979,240
9582,150
18872,60
1487,150
3028,180
1571,90
2661,45
2748,480
11006,90
19388,240
19553,240
12371,90
13770,240
1455,120
2915,300
12862,180
390,60
16109,60
23111,120
13356,160
24078,60
11368,60
16856,300
18119,45
21506,30
15726,60
2849,240
1445,240
2858,65
23709,90
587,120
15550,30
11067,380
712,56
3024,120
13610,20
1584,45
14259,30
16614,60
15309,70
192,60
21492,60
1,120
20106,45
480,90
2396,30
153,60
2316,300
2394,30
20739,60
19067,650
15460,25
2580,200
1290,90
249,60
9875,60
1207,60
22142,120
2766,240
681,185
17243,180
2805,300
2942,45
2681,50
868,120
21214,90
2801,180
2209,60
10902,20
10800,60
1809,90
17935,30
2987,125
511,40
14005,60
21706,120
529,120
18769,120
1861,60
11114,60
3096,60
300,90
11648,60
2754,120
10539,60
64,220
14869,180
24313,120
9638,90
21443,120
15860,55
14205,120
18498,90
20866,45
11195,60
552,30
13655,20
252,90
858,200
3130,60
23597,120
2185,120
15439,20
661,150
20382,120
2066,240
21053,30
40,20
1895,200
2233,1440
1364,30
231,180
325,180
555,220
2071,15
700,1400
11278,45
19431,60
21153,1400
1587,25
16282,180
16772,60
147,30
318,60
1908,900
2310,25
13418,76
848,45
17961,60
69,90
17752,230
2884,200
22726,120
330,120
1494,60
1316,60
1958,60
11986,60
1478,60
14701,20
2589,160
12965,120
17930,90
13023,60
22476,200
2295,30
11162,30
10171,120
23108,60
20994,120
7,20
15922,20
12418,40
13518,90
2900,100
1988,60
505,60
24278,120
1129,180
792,120
16274,45
17391,30
2956,90
16303,45
19386,120
24093,120
546,700
724,300
980,180
23995,180
350,120
225,300
1825,300
2226,30
21614,120
18078,80
345,60
243,20
21503,120
19513,120
2848,30
1670,60
100,100
2338,120
12225,20
20036,120
280,259
16805,30
22707,50
10754,45
17281,30
17018,75
2860,30
23013,30
19912,30
257,200
12649,60
1119,30
23001,90
19220,90
1932,300
11347,60
12925,120
1737,480
1159,150
15952,360
2031,30
2668,45
582,120
1204,30
1505,180
424,180
155,180
12497,45
16141,300
1946,120
2747,600
2474,45
1724,35
1109,60
14139,45
418,120
2333,60
17367,45
851,120
2129,90
18308,0
13424,55
15178,110
19827,60
14106,180
14218,180
14651,90
11356,120
537,30
1813,60
14883,400
1288,120
22248,200
18707,30
13699,80
21409,30
15371,65
18879,60
13351,60
1950,120
10055,120
12596,45
1308,60
2091,120
9585,45
1787,60
22634,120
10709,200
12612,200
17728,240
2292,180
14830,90
18343,200
1088,35
21890,120
1196,120
12297,60
17637,30
10045,150
9714,35
23856,180
1990,30
12170,45
19130,160
1782,240
1194,120
19579,60
21397,120
20509,45
1284,30
2431,80
1945,45
23204,45
10541,30
23338,60
15516,60
21151,180
3061,90
18852,120
1839,30
13494,50
3014,120
21171,30
1007,120
84,60
16259,45
21262,280
9883,120
18625,30
14492,30
744,180
14016,120
22133,45
11090,30
1957,320
2948,60
13661,120
23398,120
18725,90
11189,300
1739,10
494,120
1938,45
20413,30
1344,45
20067,120
14317,60
23075,180
1633,60
2487,30
2520,30
22597,120
2708,75
3008,75
2615,240
2347,45
2732,60
1921,200
17102,120
18303,90
12196,80
1027,60
12325,45
15183,60
2434,60
10812,240
12801,90
983,240
2919,45
2611,35
2120,30
1732,180
2946,60
14204,90
2279,60
20206,60
1618,150
21697,75
1685,40
11520,90
15524,60
18084,180
10413,45
1817,50
11350,20
1035,35
12238,45
18012,180
19137,45
2420,10
405,60
2024,30
21913,120
2390,30
14687,456
14476,30
14253,60
267,80
18697,45
24206,70
313,180
1791,90
1355,30
1450,45
23908,60
22439,45
12133,350
1150,70
16236,60
17397,45
368,240
1596,90
10563,60
1559,90
47,135
10051,300
20540,45
2314,60
19437,150
18681,100
104,480
17623,60
56,120
15275,90
11024,700
15470,120
12777,70
759,50
15608,30
2057,90
11744,60
12780,75
23861,150
15821,120
19267,45
2881,25
15676,60
10366,120
23478,300
11110,60
1114,120
2639,180
567,120
19345,120
2144,180
3011,30
21027,90
16151,60
22806,45
1738,75
16979,45
15035,120
746,180
301,40
542,45
21069,30
943,60
2624,120
24293,20
19046,60
10887,80
551,30
1570,30
23335,60
209,120
1751,30
12336,90
2643,120
20038,30
553,20
23857,90
1407,120
20873,90
1055,20
10210,100
10187,100
17059,120
14009,60
1234,50
22579,30
14718,120
12386,30
1337,45
14488,150
11862,40
9882,40
21641,60
18754,45
22537,75
20643,60
11140,45
21012,200
914,40
2061,70
434,60
15633,90
19297,60
14112,90
11514,30
1775,45
773,270
445,180
14547,20
30,30
11120,80
23732,30
17707,30
332,45
1545,60
1434,180
19679,60
1147,120
1173,30
1558,30
17809,60
1726,120
2910,40
1326,60
18492,120
2829,120
2561,120
25,100
359,30
15601,180
15343,120
13617,60
1291,200
1840,50
1765,360
22705,120
16102,120
24011,120
21449,45
504,80
19533,60
343,60
12819,45
17437,80
12970,100
12884,30
17197,60
20909,60
12750,45
12638,120
12527,90
2787,60
18589,90
1214,45
698,60
10668,50
10466,60
23036,40
1000,30
20474,80
14385,34
9959,20
1767,60
2489,120
2336,45
23614,500
18106,120
22038,60
11873,60
14240,10
22737,40
11519,60
15230,45
1181,30
22392,30
13912,20
1467,120
9772,25
23849,45
9548,20
671,20
17529,30
1222,20
1345,120
24109,45
879,120
2534,90
10997,60
9901,60
20602,30
23504,60
2040,120
1064,180
10894,90
2833,60
12114,90
18315,60
3032,60
16841,65
15036,120
23059,35
19313,100
10295,45
2204,75
13700,90
14277,120
342,40
784,120
18862,90
2408,120
1776,140
1614,400
2814,90
21844,240
840,90
14947,45
21074,120
982,120
805,40
17193,40
4,120
2569,45
17808,90
18796,200
11999,300
18037,90
1692,75
20612,90
22582,30
23291,50
20138,200
12220,60
20077,30
2945,30
22191,40
17744,90
11498,45
3000,480
15025,60
10651,60
24101,180
21709,90
16115,60
10820,180
254,30
13206,45
10268,20
2315,45
403,90
132,120
17241,60
16294,90
1427,90
13608,75
835,120
13615,90
13884,300
11417,140
1890,120
2656,120
1466,420
2085,90
1936,120
21822,70
19346,120
16569,30
2731,60
12631,60
18949,120
14727,180
1251,120
11500,130
17293,30
16432,120
19344,120
1244,240
19776,60
21270,30
16548,120
2690,120
1842,90
17539,200
2783,60
23678,80
2131,240
10227,10
2605,60
19691,90
19103,15
11021,20
22253,40
3083,480
12405,90
18572,60
2234,45
1101,90
22506,60
15596,30
23600,30
21696,45
14658,60
19514,60
2395,60
1224,60
12568,180
11838,20
15760,200
2010,240
23648,90
1095,210
23953,150
18149,130
22030,75
2147,600
13768,120
1208,60
512,45
13992,180
2380,60
23260,180
20571,120
22016,180
11320,480
1232,45
12250,120
13192,30
1748,30
10951,75
1059,60
892,60
22290,120
22532,60
21141,120
19705,120
18419,65
139,30
17194,45
23368,45
3035,60
890,120
1333,180
2409,100
433,60
16028,120
750,60
24179,120
1617,90
22228,120
17849,60
12501,60
1546,30
21116,120
755,80
2450,240
2473,75
420,300
2794,20
23752,120
13330,45
967,160
2021,120
946,60
2318,60
1542,50
3056,120
1346,205
10971,90
20248,120
13415,180
20500,90
2138,30
16969,30
14970,90
1452,40
10959,25
12084,60
21515,60
1631,200
18778,90
1959,240
2917,70
24112,30
1968,45
1502,180
20645,180
9770,65
22675,180
21143,180
816,45
16803,180
17330,200
22301,30
22688,120
13867,90
2212,120
513,120
270,35
1987,100
2792,75
149,40
2136,60
2943,60
2949,70
1905,45
239,120
2721,60
10461,160
2203,120
13855,90
2918,120
256,240
15909,45
1848,300
458,45
1973,65
20039,60
9783,120
19767,60
19952,240
2018,180
465,45
21230,25
21817,60
2033,60
2630,120
2363,20
10193,180
1410,30
1894,55
1135,30
14704,120
1328,300
13149,240
2157,60
20406,60
97,180
19826,120
666,45
20714,360
571,60
17632,60
406,90
2711,60
833,180
1329,180
145,200
13915,60
2277,120
928,60
2111,90
2896,560
1495,10
703,120
1093,120
14617,30
16896,400
11756,90
9644,30
1180,360
21267,120
21205,180
955,60
19884,120
11751,30
18214,200
620,120
229,60
21483,120
22069,180
10865,120
10584,60
21269,120
2999,60
21756,30
1514,30
83,75
1258,256
2662,60
22541,180
15359,75
3015,65
20664,60
1402,80
846,60
2029,25
9583,420
12162,90
1795,25
438,90
14320,150
401,500
10608,100
583,180
21281,120
21542,120
2813,10
15425,30
38,180
2669,90
21713,120
17619,60
12861,60
2593,180
15437,60
9739,60
20152,60
16731,60
21216,120
11222,30
10221,90
23290,120
12802,60
2456,90
15028,60
22495,100
1003,60
22699,240
13372,60
22289,120
426,60
2967,45
17379,240
19397,60
1005,240
15982,180
11516,240
2621,40
15652,30
18729,60
1336,80
24294,30
1528,150
10510,120
727,45
16386,90
2759,30
881,240
16554,300
21222,30
13639,75
18659,60
14504,180
2765,150
10292,120
19576,120
16974,120
16606,90
19545,120
2235,60
2509,60
1230,60
18573,120
10358,400
21147,45
2619,30
1028,40
9942,20
921,20
23480,150
15023,120
10335,120
2360,15
1378,80
19026,45
14273,60
2238,300
2920,920
1183,60
14868,45
2230,200
13094,90
13837,90
15420,145
2623,60
776,172
2119,240
491,120
2189,90
23773,90
15433,400
53,120
23695,160
2482,45
18718,60
11371,400
2098,30
102,45
14248,120
11307,20
15925,60
1154,120
11953,75
10147,40
560,60
12625,60
11863,90
11465,210
18700,120
24117,600
1228,30
1492,80
2229,80
19830,30
22858,100
23958,150
13941,120
2517,40
1068,90
486,240
2103,30
1293,60
20852,120
1499,500
15808,120
23084,150
2657,60
15,600
10063,222
20358,20
16142,45
10420,160
2413,20
18943,45
14524,10
14413,60
1906,45
105,180
12888,60
10081,60
11613,60
16226,90
2953,240
12766,60
2693,45
15959,180
1034,30
12814,90
16556,200
2557,90
17146,180
17477,120
1729,60
22940,180
2343,30
1704,20
22802,100
227,40
22124,320
11300,75
402,60
24095,300
2957,60
13875,60
1134,60
2519,240
16088,80
13966,400
23962,240
23932,60
2158,69
1363,60
752,200
11121,60
1185,70
21597,20
2523,120
15691,120
476,180
21586,180
2219,300
162,120
15051,45
18629,45
19414,120
866,480
21081,60
22735,60
13272,37
1784,30
11670,45
12987,180
24010,180
14785,60
1069,300
1643,120
1712,120
12427,90
2575,200
3047,240
23968,65
361,20
21358,120
775,340
13031,120
24275,90
19625,120
23693,865
21283,150
1512,120
164,30
16729,60
22685,60
11077,180
3027,160
1590,80
2050,120
12491,20
1166,420
11574,60
15021,60
17594,33
2912,70
2497,120
11173,45
1412,180
632,45
20088,240
965,120
2906,90
11007,3
23890,45
2761,100
18450,150
24040,250
16132,120
1381,180
20617,30
23330,100
23078,120
1881,160
22875,240
1260,160
19917,600
11749,60
21265,60
15503,150
725,240
18940,20
14304,30
818,20
1744,60
13630,30
14144,60
2590,80
2125,90
2827,30
19218,350
13683,90
9846,75
18339,12
32,60
2879,1299
23637,60
10363,120
19771,30
19811,400
887,120
1506,30
24284,60
14325,75
2750,120
21601,60
22738,60
2093,180
12662,120
15448,240
1947,160
12137,240
20924,30
3085,180
3127,40
15951,1440
622,85
1516,240
10096,60
2788,240
20578,800
20087,45
18615,130
13221,45
861,420
15236,60
20227,180
20935,90
1287,90
19786,260
24198,120
1522,45
10606,100
20078,120
13701,60
11758,60
13573,60
10120,180
1215,30
22307,70
14729,120
2628,240
19018,240
2511,340
279,120
2749,300
2834,60
14051,240
1863,60
12915,35
304,60
3022,100
2436,0
17662,250
21174,20
961,40
22444,120
1816,60
1162,100
1504,80
430,120
1157,60
1540,45
13281,60
3007,65
2697,45
1978,40
16041,60
10719,100
1976,600
2356,90
469,90
17815,60
16868,120
22562,35
1548,50
2909,60
355,240
12555,240
655,45
2781,30
18694,500
15138,60
3067,240
20637,30
11797,30
10214,75
428,45
13193,190
10320,120
15696,240
19690,45
2495,300
1536,60
21178,60
18817,600
17955,45
1233,240
1615,90
18334,30
1805,40
10497,110
2063,60
185,60
1721,90
2819,1000
22304,60
22265,45
17190,60
17779,240
1929,300
2924,60
781,150
19182,100
17881,70
2954,60
2998,20
380,60
9970,90
15685,30
10305,60
2502,60
1821,60
16875,240
10387,30
19703,45
13945,60
1327,20
12230,25
13715,30
23120,60
11617,90
1722,18
23015,60
220,90
18460,90
21387,60
2861,120
2208,45
2746,45
11242,50
15027,70
977,60
2181,45
1425,45
17510,30
17986,60
2845,45
14668,75
15116,90
21494,360
1046,400
18063,30
15204,25
18749,30
2079,45
1231,120
1865,300
1039,30
578,30
1955,150
18217,60
986,30
2976,60
1038,90
19732,30
2337,5
20789,45
1534,240
1586,20
21814,80
524,360
2175,15
2387,340
17359,90
11633,60
10321,30
2385,300
13749,90
12663,20
810,50
22157,30
22036,180
13293,60
24079,60
2139,60
22115,150
927,100
14899,60
23362,60
17405,325
151,40
10178,120
10824,700
21272,120
9928,30
13482,60
19348,180
18036,75
2019,100
23311,240
13000,75
2638,60
22694,120
1490,100
18998,200
15040,80
16123,20
22860,200
1903,120
2250,180
503,480
13414,75
13,300
118,120
17066,120
12252,100
519,60
938,60
789,300
17689,60
17353,120
19710,120
2567,60
1677,300
11220,300
2756,90
20654,360
18048,180
13526,60
16907,60
19221,30
14935,150
741,400
2266,45
1257,45
568,60
1216,75
2622,123
28,120
1860,120
11206,40
2089,240
2626,60
2555,180
14856,75
917,10
11157,150
15352,310
19546,30
352,90
989,400
569,45
21467,180
3051,140
1870,20
15218,20
23364,100
1754,60
11692,120
19821,25
15802,120
23770,160
107,90
17753,120
1855,120
705,60
1264,5
2073,120
10758,60
12460,20
16810,360
21526,60
557,200
2449,120
626,180
1949,60
21488,60
16155,45
13280,45
12149,65
269,180
2466,60
2962,75
1415,45
387,20
15632,30
1996,120
23633,60
3133,400
18642,240
23850,1200
1442,100
22983,60
15508,30
19230,60
1750,10
2707,40
13611,60
2941,1000
692,20
2392,60
20068,60
19609,120
20964,250
17270,60
2726,500
1970,400
641,90
21361,120
9891,60
1681,300
21685,120
23170,20
13584,60
12676,120
2632,50
1041,299
23619,60
19882,30
12033,60
16401,180
23406,30
13249,90
11713,60
1303,60
19938,30
10609,5
12400,300
466,120
2297,180
111,0
20511,40
285,60
17442,120
435,60
18090,90
1012,60
1108,180
23910,60
23706,120
1085,60
492,120
2607,60
19624,45
1391,60
21489,20
2374,70
2137,5
22194,20
2514,30
3084,300
14089,200
2904,30
1018,60
14163,90
23608,30
9816,30
14183,240
1574,100
11048,30
10209,500
13434,90
10576,120
15817,100
10785,120
16679,60
20651,50
2216,420
1630,150
1698,60
13756,60
2451,60
21493,60
20638,30
13136,60
20209,100
11571,45
3036,30
17650,30
1731,120
2124,30
2207,90
181,60
17927,10
19859,360
20099,150
1298,35
11521,60
11891,45
12806,60
2667,90
371,60
1846,50
19665,30
15412,60
19207,300
12540,90
3012,240
2041,120
1392,75
143,120
125,60
1854,100
2355,120
23729,60
13042,90
13465,200
1267,300
23002,50
13897,60
1261,120
18272,35
1235,30
22661,180
16189,30
18447,150
2198,180
2056,360
20757,120
543,0
13711,10
12384,60
2926,360
24115,90
20724,60
15440,180
17012,240
2072,300
20519,120
602,60
15157,10
9787,120
10417,40
9962,60
11865,30
18658,60
20276,20
14551,120
10089,60
20054,90
17024,30
22580,0
2930,120
919,60
23724,30
14208,120
19565,50
10524,40
779,45
2494,30
1523,45
15323,60
20035,60
510,28
508,30
584,140
509,29
2500,500
1302,15
13560,510
13423,45
766,60
23,160
19151,20
768,60
1423,60
17208,120
302,300
1610,50
1886,30
710,60
10011,90
1138,30
95,120
13585,30
21038,120
2322,240
88,45
20835,120
12728,120
13510,20
1875,120
21555,120
18660,30
2782,46
9531,45
2435,60
723,30
9895,30
16388,60
1421,120
20722,20
12303,720
11372,45
19615,60
2677,300
23152,45
24062,60
2465,40
20059,60
1124,22
20334,90
11808,240
19331,480
11473,60
13363,60
10199,90
20390,60
17402,180
23554,60
22486,40
17371,300
2527,180
20243,120
24060,120
12368,240
16667,60
148,150
22296,90
14511,30
1368,240
13802,360
2894,45
20040,180
23786,120
19843,180
15801,180
2652,60
577,500
2025,120
1319,30
114,40
579,60
2601,400
581,45
18085,9
2565,30
13090,120
21083,120
15461,30
16183,60
717,60
9785,50
18616,45
3128,20
1133,30
2142,100
20251,20
23070,70
16334,60
10882,75
2228,90
19028,25
14160,5
14324,260
16966,45
1460,180
9826,240
150,45
1727,60
1967,120
1915,300
12246,360
2223,180
11219,90
14906,120
11464,60
12239,30
18829,50
87,180
900,30
2236,10
19894,240
1833,20
516,60
12451,60
2963,150
11366,90
3095,60
1493,65
16822,31
12993,45
13491,100
12906,120
15683,45
2739,60
20449,90
15512,30
21018,60
15661,150
1657,600
1592,60
2866,30
2389,60
2507,45
21175,30
18279,100
9837,210
21536,60
12962,180
2432,45
22231,120
616,60
13981,10
21391,200
1001,90
2609,60
738,45
11777,100
23165,180
22139,100
2291,150
24049,10
493,240
17373,600
10017,50
1665,300
2217,120
501,45
1896,180
12798,300
15732,45
175,100
1953,60
834,45
24148,45
23862,60
23446,45
15538,75
21445,120
2951,45
22193,120
23703,120
10587,300
21815,360
704,180
17835,200
11730,210
24015,180
13780,60
67,30
3029,60
363,45
2176,35
23660,120
3124,100
2005,90
1435,30
1491,30
14619,60
16225,45
2469,60
14866,120
21813,90
2269,90
1991,95
18041,60
19651,45
21906,120
19229,240
13464,120
21726,100
16260,45
15500,45
22866,90
14011,60
2284,20
611,45
20523,120
3101,30
1418,240
595,120
2090,500
15160,20
23262,120
2289,60
14624,60
18684,60
1679,20
624,45
10353,30
21261,25
1197,60
15471,240
1925,60
1774,180
16462,120
9567,60
719,180
9950,30
13601,90
1205,45
22991,200
1694,110
2937,180
266,480
1676,900
1237,60
11663,120
381,120
16024,60
1974,30
20326,30
18819,600
22964,90
1475,120
470,60
22471,30
11585,60
20385,20
1310,90
12317,60
2331,60
11671,120
18014,59
17570,60
18318,60
18451,440
12261,60
1853,45
17642,120
2702,120
20572,300
21581,30
15379,60
1849,45
2506,150
11327,350
422,90
2742,120
11691,90
23087,90
9871,450
1611,80
1753,45
24044,360
23441,40
284,45
2671,400
20400,20
2169,50
1441,120
15046,240
1669,30
1099,120
20592,25
514,120
2522,60
800,60
288,30
18638,150
22926,75
12764,100
3091,45
126,600
10317,60
2812,120
17179,45
1725,300
46,400
21561,120
1268,30
1464,200
12450,120
17974,90
21609,200
20,60
23936,400
2227,160
22969,90
13599,240
497,60
11682,50
9969,60
539,60
20696,20
13113,40
14514,30
19867,120
21737,40
17972,75
11875,200
23039,150
17451,60
1785,60
14742,100
2354,60
329,60
1621,360
19454,120
22972,90
454,90
24300,60
1210,180
2481,45
1644,20
23107,60
12462,240
2824,75
1672,1440
18321,360
15299,30
19417,28
1808,90
831,600
772,300
9856,90
1654,20
17695,180
11845,50
168,120
13364,60
20670,90
362,260
319,25
18351,45
701,120
13498,90
9584,120
3087,30
1448,240
2793,60
1645,180
23528,30
3092,60
464,15
11038,55
12023,60
1285,60
23629,60
2256,120
22311,45
1942,90
3119,0
10675,100
11425,90
19354,60
541,45
12664,60
18609,160
169,110
1354,120
2876,40
10262,30
1691,300
16625,100
23612,120
12713,200
1246,130
18525,120
2049,180
2717,60
841,90
129,50
14284,400
2410,180
2472,30
163,250
10543,60
21368,180
16240,30
856,45
13564,45
1089,180
3065,120
16222,75
146,90
2237,230
24211,30
22719,45
18627,45
2964,120
2518,30
2240,90
12453,40
19503,30
826,60
2779,60
19526,90
22246,60
22034,120
17132,30
481,120
9889,90
22564,90
2191,240
14404,90
16,360
9813,60
119,200
21625,500
2081,100
11901,120
442,60
2371,90
11463,75
1627,400
10629,60
21898,90
1213,45
20472,240
16460,90
18260,30
774,120
16563,90
2867,150
14071,90
11040,60
15325,90
1476,240
22310,120
16932,45
974,240
19100,60
15207,30
10255,90
2013,45
15999,90
3082,1000
17298,120
22680,20
1701,90
765,120
17845,5
14851,90
1341,90
2774,75
740,30
18791,40
12272,150
849,30
23743,45
16854,360
110,45
18611,50
10435,60
21676,240
22487,15
22131,400
2215,60
549,120
14927,600
16904,600
1136,20
1869,250
166,90
18736,60
1790,60
16865,120
1629,360
392,240
1277,240
27,120
1877,120
416,20
12959,60
2637,60
12271,150
14900,30
14397,20
11377,45
14934,300
2991,60
619,60
1110,60
23601,60
22308,90
15098,45
1177,30
1788,90
2078,200
15799,120
2692,30
21380,40
20058,60
19377,90
18983,60
10131,45
18988,120
22701,120
22293,30
12937,120
295,60
535,60
140,45
144,80
9957,120
1439,120
17042,180
10507,30
18007,180
15074,30
133,20
1913,130
19934,30
13543,30
1927,45
18731,500
11423,320
2164,360
2263,30
2966,60
245,80
1827,60
13807,420
15759,60
11324,50
13161,180
2720,60
1090,90
10064,180
1468,60
18668,30
1575,5
2386,240
798,65
2576,60
11997,120
1334,360
15056,110
483,240
18324,120
1084,300
16135,45
499,180
644,15
23326,60
10,120
931,200
13379,40
17668,40
2441,30
17802,30
14225,1200
21962,90
11476,360
20418,100
1289,280
1440,60
1857,45
16911,60
23501,120
18389,240
1573,300
2220,45
1578,30
1797,60
2655,30
14513,45
3062,90
21735,30
17530,60
14434,60
490,60
1834,0
22652,90
2822,120
19159,120
2504,25
23322,80
21057,720
22703,180
1572,60
3018,60
592,120
15106,45
948,120
19144,90
2086,150
13689,120
11440,80
561,120
70,60
14662,60
20170,120
20377,30
21013,60
11036,70
734,180
10225,120
899,25
16723,200
1965,120
2340,20
15824,180
57,240
22404,600
2180,100
2195,5
21559,70
21054,15
2914,30
16130,60
2211,45
12628,240
2616,65
12493,240
995,60
3020,120
690,120
20666,100
15669,40
21694,90
10153,45
1940,60
19016,200
10694,90
14117,120
23463,95
1107,45
21350,20
24017,30
37,60
141,75
237,45
14634,90
15308,120
718,60
13836,60
2299,60
2320,15
2767,100
22048,30
799,80
17621,250
19278,20
11769,48
1551,90
1186,75
2271,45
2457,60
1517,600
12952,45
16328,45
11488,60
20338,300
1778,30
11665,20
432,60
1282,100
1283,120
1700,90
912,45
875,400
1836,120
16718,30
457,60
23768,90
20706,30
19072,360
23361,20
18382,50
532,255
813,110
2058,20
2969,60
22955,240
21662,60
11353,30
18667,100
1325,20
20103,90
1036,45
2716,120
2429,60
14088,75
3041,20
15238,30
9796,45
21075,120
16172,60
19245,20
21256,250
2975,120
20680,500
2553,120
1349,120
23297,90
895,120
19613,245
3025,30
14771,30
1609,120
2789,25
2007,480
309,480
2970,55
2145,240
8,75
1065,25
19353,300
1801,45
1496,45
462,45
1695,60
1137,30
2540,90
506,30
12144,200
829,120
2684,150
16766,45
2468,30
14762,60
2501,60
19123,120
11851,60
18273,0
1851,60
2121,60
290,120
2372,75
2618,240
12996,90
14143,50
13532,180
10557,150
1806,180
453,220
11216,60
314,180
1075,120
322,100
3123,150
373,480
11491,80
14791,120
14408,15
15113,60
3016,60
18713,30
23509,60
2366,480
24022,60
936,45
18286,60
22999,120
1243,70
17503,22
522,60
19649,50
1070,90
13223,180
2393,20
306,300
12614,40
12383,200
1520,45
18958,60
18035,180
260,180
2480,180
2475,150
1902,180
22923,180
17558,90
14849,45
2368,30
1668,30
669,480
93,75
563,60
2281,145
2701,120
1182,45
24080,75
22298,60
21578,15
22535,45
17447,90
327,120
17074,83
1489,600
23657,360
809,45
14070,360
112,20
1320,120
2163,60
10361,75
23099,45
14479,240
23456,30
13979,30
500,30
21811,90
78,120
12580,75
1541,75
335,120
12557,60
13671,75
1560,30
21588,120
2488,120
2838,30
1980,60
1769,120
2339,45
950,60
1713,180
19364,70
1582,60
113,45
2287,60
17590,120
9665,90
15076,120
2327,120
18172,30
882,25
1383,20
2017,200
2950,20
2809,180
15768,60
9707,120
23855,60
780,45
21613,180
22846,15
2259,600
12613,120
19119,120
20051,120
2673,60
12157,120
15839,80
2077,20
16954,100
14358,30
21021,250
9958,120
10451,120
17409,30
1789,30
14321,120
1436,45
22460,30
19848,120
21882,240
839,120
21303,180
19709,60
1148,60
20775,90
1757,160
3090,60
2047,20
23976,45
14626,30
1960,60
14895,50
11196,90
11160,60
2968,120
2823,35
1956,20
1016,360
182,81
22436,30
17072,25
21551,90
660,90
2874,240
15100,72
23935,180
11296,180
20780,120
16162,60
20531,30
16644,18
131,30
180,60
20807,75
22344,35
326,60
1004,120
2653,90
2770,100
15316,240
767,60
2741,180
15912,30
929,200
2177,60
2038,10
1567,60
2857,120
154,300
1730,30
24036,20
18359,360
9727,60
16247,60
12278,720
15393,60
1403,180
3040,45
20117,120
9580,30
1300,60
1123,250
1636,90
2806,60
2059,180
13410,360
16842,90
18830,60
14302,300
19286,60
16656,120
18270,60
21167,35
11184,120
2133,120
14228,300
21279,60
11504,240
17924,80
2160,45
10984,150
15972,60
21285,120
21826,120
873,60
18087,120
17121,180
10041,65
23585,60
2060,120
207,120
24023,300
2535,90
1656,60
20628,20
11563,200
2425,60
16479,180
1067,60
945,180
1601,40
1453,40
658,180
13507,120
1951,40
22061,60
19456,150
2110,120
410,30
19857,90
11537,150
452,60
872,120
1986,90
17761,120
16006,140
2513,60
19451,500
18853,120
16510,120
1372,60
16372,60
1461,60
896,30
18854,60
1497,120
909,75
12677,30
3010,60
2907,20
2901,45
23413,88
20294,120
15073,120
484,20
901,60
20228,120
2758,60
16192,240
19323,120
21484,120
2864,40
24084,60
1780,20
13997,120
2811,120
1221,45
18917,40
1755,30
2414,200
22104,100
109,40
3113,180
23755,180
12787,30
19150,60
2422,80
11518,60
645,70
23409,55
19507,60
1642,60
2990,60
737,90
13495,60
650,60
2053,20
12933,240
540,100
21162,45
2755,60
23208,240
10567,45
19534,65
1550,150
14711,45
19675,120
20968,120
10313,60
2678,60
720,40
16567,80
10968,25
1401,100
1080,90
191,60
1350,60
10720,30
564,30
2596,180
2757,140
16648,120
2153,300
16349,60
14541,60
1518,120
10206,175
1814,140
16350,60
20033,30
13317,120
1358,45
23762,60
1532,120
2484,30
24034,70
17561,45
2428,120
21626,40
19492,120
15148,125
1158,150
18919,75
1663,60
688,60
11970,30
12059,240
2646,120
15716,75
21357,60
2642,60
14885,150
3089,230
10029,300
21776,120
22788,35
11909,35
21843,60
11039,30
12131,30
9833,30
1576,60
11569,120
10821,45
11135,30
18233,30
23503,120
10166,550
11880,180
1419,40
18427,30
2799,39
17741,90
844,240
21400,100
1843,45
2313,60
22026,540
17515,60
2294,20
22695,90
11770,120
136,15
2704,60
16051,25
1811,25
10004,45
20510,80
13411,30
548,120
2631,90
1910,260
2525,45
14527,60
14398,45
13709,30
23838,60
1937,75
15646,90
1907,60
2854,180
11073,60
2800,20
1635,60
219,240
16711,120
13546,20
2205,500
10352,64
15604,80
11115,20
10090,75
18112,180
23739,45
23955,45
1873,30
18780,60
10008,30
1760,30
21108,200
913,40
3086,34
2023,25
14776,60
19074,180
1424,120
941,120
24187,60
177,120
15499,175
2651,90
1658,75
613,90
1473,30
777,45
2548,45
2183,200
1066,45
232,30
1081,120
10767,30
680,60
23030,120
3019,30
296,45
21801,30
18646,30
24231,60
17390,40
328,60
12483,30
763,45
2245,90
1339,45
2485,30
17574,35
865,60
1149,100
21949,45
23834,45
17478,60
17599,30
3129,400
2815,60
10530,60
1273,30
939,50
2243,20
2764,180
15166,240
972,45
2068,90
74,500
2503,120
11217,20
10867,65
17348,80
11513,120
17058,60
2751,200
2928,60
23384,47
612,80
906,25
19048,60
12124,350
23092,240
21852,30
988,120
19065,90
786,60
711,60
11354,240
19493,30
16560,30
240,180
604,120
19,45
11567,60
94,60
19069,30
3076,180
2889,60
2847,30
2463,90
10538,120
2016,240
11421,200
13733,30
520,30
20547,100
1634,60
16277,45
12,90
2427,120
15146,30
14800,180
956,55
15905,30
14,300
1595,360
966,160
2649,20
2994,80
17076,120
854,90
1749,60
2123,180
179,40
526,45
3108,20
1118,75
206,90
10769,30
86,130
16280,60
2162,200
934,240
21862,300
2960,100
2612,60
1897,60
13799,60
2978,300
17308,180
19509,45
1675,60
2897,45
23233,180
21349,100
23122,160
2222,240
10116,120
17476,120
1176,70
13008,45
1941,30
14252,90
2298,180
1411,60
2224,35
16873,75
12389,45
2190,120
1682,45
2379,180
10442,45
10846,120
23347,75
2529,300
20052,30
16936,240
15869,500
1500,5
13146,60
1485,60
20362,180
1433,60
1588,90
1279,180
11630,240
244,180
1934,30
10966,240
22792,180
1021,600
11455,45
17305,120
1146,60
21320,60
18081,30
11707,60
951,60
389,200
1253,200
1966,120
1373,20
2479,300
23071,80
20047,30
15059,45
1544,120
13691,120
1463,120
2342,75
14338,30
17787,240
2778,90
1589,120
18071,30
1414,90
601,150
18094,60
1191,60
2257,60
20936,90
21842,60
2710,60
1917,120
811,120
2796,60
190,60
2108,120
12103,45
17471,60
11802,240
1170,270
11887,60
2106,60
22417,20
20446,60
1106,60
1189,20
18721,45
338,240
15142,60
2868,240
1009,120
108,60
16518,120
15504,60
630,60
17112,240
19881,200
23074,60
24100,60
14892,20
15301,45
17620,60
2733,60
657,45
21695,480
15751,60
17872,30
21880,300
22199,240
21078,40
1521,175
9887,240
15933,180
2902,250
1756,200
15362,45
217,30
20317,45
20356,90
2551,60
19318,45
21723,120
2179,120
1026,20
1161,100
13396,120
431,45
1140,180
11760,30
13377,30
9545,60
199,120
10756,45
10674,90
17900,90
21220,20
19715,90
1239,60
14209,30
17928,120
20239,30
11042,30
11579,40
12346,240
11397,60
15831,90
857,90
12353,180
761,45
9534,180
2174,30
867,60
20141,60
14003,90
2361,70
1117,30
1964,30
13894,45
18253,20
22546,120
2367,90
15814,30
9916,15
2383,60
18693,60
14706,400
210,60
11949,300
18540,120
23285,45
20918,120
1051,120
15401,300
16939,60
1539,90
999,120
15567,45
16104,60
23278,25
2092,120
1374,60
21624,100
19640,45
22328,45
15136,120
16475,70
19114,45
13441,45
448,90
16972,45
1105,45
17078,60
397,60
639,60
2498,60
2048,120
22207,60
16647,120
24002,45
16352,100
20174,480
10085,45
17843,300
10734,560
16523,120
1984,130
21734,20
19510,240
18570,120
2283,0
2282,35
15765,75
2777,45
2922,200
18274,90
19586,15
13878,60
11877,180
14123,120
15145,60
19582,90
10300,30
24319,60
778,240
12123,120
23006,60
1733,45
142,25
411,15
1878,280
18500,10
22587,120
2326,30
15830,120
1152,30
20644,120
981,90
11618,240
640,120
10810,60
1580,45
1271,60
393,60
22736,45
1201,30
22687,300
3057,45
23611,35
14671,45
15770,120
2419,300
1446,500
1735,30
1037,60
1054,20
15107,300
13286,30
24061,300
21590,300
17633,300
20634,30
19317,300
22523,120
1236,30
2836,60
23974,90
790,30
23450,20
12188,90
23342,300
17304,45
21245,95
13796,240
13028,300
702,10
20726,20
400,30
1404,120
2972,100
2303,45
20970,15
20492,120
213,75
14110,60
16879,900
15636,20
733,30
2795,60
15165,180
23181,40
21543,940
2026,90
2039,120
823,120
17184,25
15825,45
22785,75
22595,30
1322,90
1911,60
11273,30
15725,240
2304,45
1781,40
751,60
14969,45
18972,40
22594,40
1017,120
745,85
293,34
18532,180
3099,30
2883,300
870,5
236,240
3111,600
1547,120
15615,60
16403,30
21804,60
21896,300
13854,45
346,500
11965,40
276,420
23337,40
16886,360
10746,75
964,120
9678,20
189,100
385,60
1352,40
10465,48
17505,100
18168,25
17992,90
662,30
1218,30
708,25
2127,400
747,75
2724,60
18192,20
1389,90
1798,75
13580,160
2444,240
2929,15
643,30
13302,90
13760,80
76,120
1113,240
23825,125
10900,180
2352,90
1486,30
15797,85
372,200
315,120
10583,150
19066,70
2916,60
1469,80
1879,90
24120,60
21535,45
17669,180
14660,75
15096,120
11698,90
1408,90
23741,90
1625,120
2112,285
17545,40
2455,90
23167,30
18109,60
23923,30
123,100
991,200
23422,65
12941,20
1845,20
356,400
13790,400
1612,90
19086,120
367,30
11438,30
1803,60
12449,240
2682,30
16666,15
11784,60
14111,74
23767,30
1376,60
1206,120
20870,180
17313,150
21150,60
2201,20
2659,60
337,200
2688,120
15618,60
2892,600
365,45
16598,30
10118,38
1979,30
12403,30
12616,120
17952,30
216,60
19192,30
18591,90
13779,45
22127,80
22573,100
2828,20
663,120
1437,45
20284,70
12895,90
10060,35
16160,50
22412,30
1711,180
12980,15
10693,20
9687,30
20389,120
1023,90
20620,300
18894,180
173,240
1594,40
2406,120
23877,120
648,180
21326,90
1125,90
10493,60
985,120
15306,120
23276,60
17532,120
1102,60
204,45
11996,60
1989,45
2613,400
2550,90
20169,200
13602,30
23592,60
9713,180
2965,90
17635,60
2437,150
9849,300
1318,120
21770,20
2734,60
13338,30
23521,90
14795,120
2415,56
398,500
11559,400
54,200
19125,90
14605,100
2135,180
10725,120
19083,50
11506,30
15883,200
2027,240
18737,180
11676,45
1010,120
14951,40
22220,120
1604,45
10023,310
16735,120
20707,60
590,100
13118,210
203,60
2246,45
1718,120
11212,30
13373,240
18366,75
20810,90
15080,120
19740,400
11635,300
18247,120
14316,60
17811,60
17711,120
20478,60
14072,100
886,240
16696,120
1900,60
15578,1
19076,30
1049,60
17571,60
2046,45
3060,180
14244,60
19964,180
3034,120
19014,35
24163,120
23875,250
1200,40
21107,100
16684,60
20745,200
14642,30
21339,60
12759,180
14457,50
23139,300
18773,60
17439,60
2958,30
18630,40
20927,120
12414,45
463,120
20480,150
2117,15
15666,60
2825,60
22533,30
23227,120
15823,30
17754,250
17925,30
11963,400
817,75
1563,30
11920,120
10602,45
14327,500
2538,75
2542,66
19282,120
891,200
19194,60
14195,150
23947,60
1281,55
10773,60
20589,60
258,60
2285,30
17101,30
15744,200
24047,50
20817,60
13104,120
16829,90
19516,120
2790,30
16357,400
22575,40
18766,120
18583,50
14428,90
19669,90
2680,1440
1156,30
23077,30
11084,180
15216,60
11961,60
597,300
16253,150
17126,45
15945,120
24237,30
21429,120
19722,10
11321,60
11066,100
1045,400
16092,0.5
14296,5
14342,350
691,30
12313,60
223,120
1270,180
1043,60
19550,30
18651,89
14187,60
1153,20
13097,35
16783,60
1370,40
2971,30
1115,30
20595,45
19310,4
14147,60
1052,60
21336,180
13214,360
13761,60
942,300
11,100
16463,120
23943,344
12635,60
474,35
21856,30
21394,120
16254,60
11733,180
13540,40
23031,9
19789,45
2647,400
20417,120
14498,100
12657,5
20002,15
10239,100
14519,60
13861,370
10042,132
23319,90
19538,120
2875,90
17017,30
13063,100
2407,300
2052,15
23826,30
1040,30
2832,120
21090,85
2587,60
23559,602
17332,50
1360,2000
14932,120
16528,120
11833,60
713,120
17769,90
13629,3
16438,180
1029,120
18122,10
23930,60
16825,60
22778,100
1295,200
20010,80
20118,600
311,45
10835,60
18604,45
2592,250
16616,90
18703,30
18847,60
2325,30
15975,1345
13183,40
15627,65
1533,120
16672,40
17174,120
2118,180
13595,500
20769,75
1377,80
15750,30
17527,20
15427,60
42,30
18068,500
1249,200
17969,50
618,60
533,30
14919,130
13313,120
17428,60
15612,80
21316,70
20050,70
316,60
22317,300
2674,10
1047,100
2405,100
22929,60
721,60
23513,120
22882,40
634,180
17212,300
3009,29
10641,90
19023,400
14647,120
11351,120
19070,140
24067,120
13297,40
15389,60
23402,40
1015,500
17694,100
14612,30
14431,600
21360,200
20048,69
16578,60
1674,40
3135,60
11163,40
14007,30
13205,40
259,180
13559,300
52,120
13929,30
11333,100
13825,400
22808,180
2411,90
13567,80
14477,60
12420,65
2247,90
23069,60
1603,240
18751,60
15663,120
21040,45
748,76
23789,36
1480,120
19963,50
11243,120
24159,45
21599,30
19054,300
22643,60
10251,45
531,420
3031,45
23622,120
18798,126
19887,120
344,180
24217,25
10013,160
2341,25
18236,60
11130,300
17131,10
14065,1000
13145,45
22010,300
17886,60
23199,90
2617,20
791,60
261,180
23201,100
1048,30
18568,30
1605,200
21459,20
2835,60
1562,60
11821,190
14789,30
2075,120
22095,120
2934,30
21895,24
13270,4
14150,20
14022,90
2530,300
11411,90
2566,60
18657,11
19371,240
1569,50
21513,300
2344,60
19460,300
1042,60
2044,35
369,30
11367,122
12680,360
18495,80
16773,300
10622,54
22592,480
11657,120
19804,60
1824,120
17965,30
2573,20
23795,30
22490,90
11457,120
15913,250
10018,60
11715,65
22914,500
21807,300
21007,240
2499,100
14705,120
13899,30
9864,200
19731,120
2280,120
22155,30
15144,500
1831,35
20165,80
15278,250
12259,180
12682,60
11418,100
19992,60
19441,44
20881,60
1053,80
10549,90
812,25
1693,60
14637,60
24228,90
20876,120
23617,300
3131,30
11595,300
11141,300
13033,120
1948,80
1954,120
1796,60
20987,180
358,30
2433,70
20297,30
3053,200
17127,120
15184,60
21566,600
13329,60
10208,120
24110,60
20186,60
23247,180
268,55
16680,40
2853,240
589,240
9828,75
3002,60
22945,400
18059,120
17177,70
1922,60
14093,420
10354,120
18512,200
22446,20
2116,80
19108,13
16249,150
22422,50
649,200
20329,60
13140,50
19693,60
1867,60
16152,65
17548,300
12642,100
11161,180
1720,20
13562,30
17727,1000
21420,210
2332,90
1044,130
10027,300
17350,200
1503,150
911,90
23448,140
23066,120
11902,60
1710,60
18166,45
17036,130
21942,360
18669,90
16377,64
14237,120
14584,250
9927,90
12436,30
11236,400
12329,90
18933,8
26,210
13999,120
22163,120
23185,120
20313,20
11761,50
12971,180
10159,60
11461,65
21388,240
198,60
17584,240
1050,400
19238,15
2714,210
275,90
15719,50
20437,240
1242,60
12380,60
1564,850
11175,120
14725,90
23447,120
22312,10
18232,100
2871,250
2335,60
1898,10
3045,6
2264,480
12926,200
1931,360
756,120
3069,500
15313,11
2452,240
21948,120
646,60
1723,60
19779,15
17071,20
2574,60
20591,50
17681,120
16112,45
13648,240
2908,60
10039,45
17708,30
16364,120
11942,300
10411,60
20887,60
11798,30
12111,50
15496,50
2492,30
65,30
10037,40
2604,60
17426,45
20618,400
13500,120
17466,150
2982,90
2979,65
13238,60
23778,75
17953,70
22518,180
19638,120
13446,900
21225,120
2321,60
2261,500
794,30
1585,30
11662,50
18062,180
9929,30
